iter	RMSE
0	32.01478653
1	30.80976965
